{"cameraMode":{"drawMode":0,"name":"Shaded","section":"Shading Mode"},"sceneLighting":false,"audioPlay":false,"sceneViewState":{"showFog":true,"showMaterialUpdate":false,"showSkybox":false,"showFlares":true,"showImageEffects":true,"showParticleSystems":true,"showVisualEffectGraphs":true,"m_FxEnabled":true},"in2DMode":false,"pivot":{"x":1.0251834392547608,"y":1.0187256336212159,"z":1.8267741203308106},"rotation":{"x":-0.02999500371515751,"y":-0.0059974538162350658,"z":-0.00018026860198006034,"w":0.9995346069335938},"size":0.8660253882408142,"orthographic":false}