{"cameraMode":{"drawMode":0,"name":"Shaded","section":"Shading Mode"},"sceneLighting":false,"audioPlay":false,"sceneViewState":{"showFog":true,"showMaterialUpdate":false,"showSkybox":false,"showFlares":true,"showImageEffects":true,"showParticleSystems":true,"showVisualEffectGraphs":true,"m_FxEnabled":true},"in2DMode":false,"pivot":{"x":-0.8930000066757202,"y":0.6769999861717224,"z":-0.5370000004768372},"rotation":{"x":-0.02999500371515751,"y":-0.0059974538162350658,"z":-0.00018026860198006034,"w":0.9995346069335938},"size":0.4330126941204071,"orthographic":false}