{"cameraMode":{"drawMode":0,"name":"Shaded","section":"Shading Mode"},"sceneLighting":false,"audioPlay":false,"sceneViewState":{"showFog":true,"showMaterialUpdate":false,"showSkybox":false,"showFlares":true,"showImageEffects":true,"showParticleSystems":true,"showVisualEffectGraphs":true,"m_FxEnabled":true},"in2DMode":false,"pivot":{"x":0.5400000810623169,"y":0.906000018119812,"z":-0.017968110740184785},"rotation":{"x":0.14016950130462647,"y":0.07122386991977692,"z":-0.010109970346093178,"w":0.9875129461288452},"size":0.6123724579811096,"orthographic":false}