{"cameraMode":{"drawMode":0,"name":"Shaded","section":"Shading Mode"},"sceneLighting":true,"audioPlay":false,"sceneViewState":{"showFog":true,"showMaterialUpdate":false,"showSkybox":true,"showFlares":true,"showImageEffects":true,"showParticleSystems":true,"showVisualEffectGraphs":true,"m_FxEnabled":true},"in2DMode":false,"pivot":{"x":-0.8771212100982666,"y":0.1118420958518982,"z":0.10676860809326172},"rotation":{"x":0.14016950130462647,"y":0.07122386991977692,"z":-0.010109970346093178,"w":0.9875129461288452},"size":1.193849802017212,"orthographic":false}