{"cameraMode":{"drawMode":0,"name":"Shaded","section":"Shading Mode"},"sceneLighting":true,"audioPlay":false,"sceneViewState":{"showFog":true,"showMaterialUpdate":false,"showSkybox":true,"showFlares":true,"showImageEffects":true,"showParticleSystems":true,"showVisualEffectGraphs":true,"m_FxEnabled":true},"in2DMode":false,"pivot":{"x":-0.2879784107208252,"y":1.1779488325119019,"z":-2.598557710647583},"rotation":{"x":-0.19219492375850678,"y":0.03179718181490898,"z":-0.006229244638234377,"w":-0.9808262586593628},"size":0.30615025758743288,"orthographic":false}